claim_amount,insurance_type,region,fraud_reported,ip_address_hash
1201.0706658119093,Auto,IDF,0,9ac02eb45a1ac15edcb03e5d13cd5371838db92f919dee07882edfcfb91ebcc1
45000.003085568336,Life,PACA,1,cb1209d1264b7eca651ac97fdf10617e02f11e7f3eee138dccffab190b115b99
320.13262525787667,Home,IDF,0,112c85e5d1f9be1dc58da9edea8b3e65d03decb1667341043a1a5f17ed0cd2fa
14998.434290227979,Auto,BRE,0,edbc7068087f8b91e4cd2da5e1fe765667a7047a6f8a76b05004e5ce94554379
